{
  "__COMMENT1": "To apply this configuration to all newly generated worlds",
  "__COMMENT2": "please place this configuration file into your config directory",
  "__COMMENT3": "with the following name: cpm-server-default.json",
  "player_scaling": {
    "1e6f6339-85b8-3dd2-b358-f1f03427665a": {},
    "586d87f4-b5b9-3977-b055-1585f0529285": {},
    "ec5d3f37-b040-3cef-a835-156eceafb37d": {}
  },
  "player_scaling_settings": {},
  "scaling_settings": {
    "projectile_dmg": {},
    "mining_speed": {},
    "motion": {},
    "third_person": {},
    "hitbox_width": {},
    "eye_height": {},
    "mob_visibility": {},
    "flight_speed": {},
    "knockback_resist": {},
    "reach": {},
    "health": {},
    "jump_height": {},
    "attack_speed": {},
    "explosion_dmg": {},
    "view_bobbing": {},
    "defense": {},
    "attack_knockback": {},
    "step_height": {},
    "width": {},
    "hitbox_height": {},
    "attack_dmg": {},
    "fall_damage": {},
    "entity": {},
    "height": {}
  },
  "skins": {}
}