{
  "mca:recipes/building_blocks/headstones": {
    "criteria": {
      "has_the_upright_recipe": "2025-01-14 04:27:01 +0000"
    },
    "done": true
  },
  "incendium:technical/on_block": {
    "criteria": {
      "log_spam_fixer": "2025-01-14 05:25:37 +0000"
    },
    "done": false
  },
  "minecraft:recipes/woodcutting/dark_oak/dark_oak_button_from_dark_oak_planks_woodcutting": {
    "criteria": {
      "give_recipe": "2025-01-14 04:50:03 +0000"
    },
    "done": true
  },
  "spelunkery:recipes/raw_iron": {
    "criteria": {
      "has_item": "2025-01-14 04:39:58 +0000"
    },
    "done": true
  },
  "minecraft:recipes/woodcutting/dark_oak/dark_oak_boat_from_dark_oak_planks_woodcutting": {
    "criteria": {
      "give_recipe": "2025-01-14 04:50:03 +0000"
    },
    "done": true
  },
  "create:copper": {
    "criteria": {
      "0": "2025-01-14 04:40:05 +0000"
    },
    "done": true
  },
  "mca:recipes/misc/needle_and_thread": {
    "criteria": {
      "has_item": "2025-01-14 04:41:42 +0000"
    },
    "done": true
  },
  "minecraft:recipes/woodcutting/oak/oak_boat_from_oak_planks_woodcutting": {
    "criteria": {
      "give_recipe": "2025-01-14 04:30:07 +0000"
    },
    "done": true
  },
  "minecraft:recipes/woodcutting/oak/oak_fence_gate_from_oak_planks_woodcutting": {
    "criteria": {
      "give_recipe": "2025-01-14 04:30:07 +0000"
    },
    "done": true
  },
  "minecraft:recipes/woodcutting/dark_oak/dark_oak_slab_from_dark_oak_planks_woodcutting": {
    "criteria": {
      "give_recipe": "2025-01-14 04:50:03 +0000"
    },
    "done": true
  },
  "beautify:rope": {
    "criteria": {
      "requirement": "2025-01-14 05:00:41 +0000"
    },
    "done": true
  },
  "simplyswords:grant_book_on_first_join": {
    "criteria": {
      "tick": "2025-01-14 04:27:01 +0000"
    },
    "done": true
  },
  "spelunkery:recipes/obsidian": {
    "criteria": {
      "has_item": "2025-01-14 04:33:30 +0000"
    },
    "done": true
  },
  "minecraft:recipes/woodcutting/oak/oak_sign_from_oak_planks_woodcutting": {
    "criteria": {
      "give_recipe": "2025-01-14 04:30:07 +0000"
    },
    "done": true
  },
  "minecraft:recipes/woodcutting/dark_oak/dark_oak_sign_from_dark_oak_planks_woodcutting": {
    "criteria": {
      "give_recipe": "2025-01-14 04:50:03 +0000"
    },
    "done": true
  },
  "incendium:technical/inventory/sentrys_wrath": {
    "criteria": {
      "log_spam_fixer": "2025-01-14 05:25:37 +0000"
    },
    "done": false
  },
  "mca:recipes/misc/books": {
    "criteria": {
      "has_item": "2025-01-14 05:08:04 +0000"
    },
    "done": true
  },
  "beautify:candleabras": {
    "criteria": {
      "requirement": "2025-01-14 04:33:28 +0000"
    },
    "done": true
  },
  "croptopia:gather_all": {
    "criteria": {
      "corn_seed": "2025-01-14 05:14:24 +0000"
    },
    "done": false
  },
  "mowziesmobs:root": {
    "criteria": {
      "custom_test_name": "2025-01-14 04:27:01 +0000"
    },
    "done": true
  },
  "minecraft:recipes/woodcutting/oak/oak_slab_from_oak_planks_woodcutting": {
    "criteria": {
      "give_recipe": "2025-01-14 04:30:07 +0000"
    },
    "done": true
  },
  "spelunkery:recipes/copper_ingot": {
    "criteria": {
      "has_item": "2025-01-14 04:40:05 +0000"
    },
    "done": true
  },
  "minecraft:recipes/woodcutting/dark_oak/dark_oak_fence_gate_from_dark_oak_planks_woodcutting": {
    "criteria": {
      "give_recipe": "2025-01-14 04:50:03 +0000"
    },
    "done": true
  },
  "croptopia:gather_plains": {
    "criteria": {
      "corn_seed": "2025-01-14 05:14:24 +0000"
    },
    "done": false
  },
  "minecraft:recipes/woodcutting/oak/oak_trapdoor_from_oak_planks_woodcutting": {
    "criteria": {
      "give_recipe": "2025-01-14 04:30:07 +0000"
    },
    "done": true
  },
  "beautify:frames": {
    "criteria": {
      "requirement": "2025-01-14 04:33:10 +0000"
    },
    "done": true
  },
  "cataclysm:root": {
    "criteria": {
      "custom_test_name": "2025-01-14 04:27:01 +0000"
    },
    "done": true
  },
  "irons_spellbooks:grant_patchouli": {
    "criteria": {
      "tick": "2025-01-14 04:27:01 +0000"
    },
    "done": true
  },
  "byg:husbandry/berrily_alive": {
    "criteria": {
      "blue_berry": "2025-01-14 04:29:56 +0000"
    },
    "done": true
  },
  "minecraft:recipes/woodcutting/oak/crafting_table_from_oak_planks_woodcutting": {
    "criteria": {
      "give_recipe": "2025-01-14 04:30:07 +0000"
    },
    "done": true
  },
  "casinocraft:recipes/decorations/wool_white": {
    "criteria": {
      "has_wool": "2025-01-14 04:33:10 +0000"
    },
    "done": true
  },
  "minecraft:husbandry/balanced_diet": {
    "criteria": {
      "cooked_beef": "2025-01-14 04:38:06 +0000"
    },
    "done": false
  },
  "spelunkery:recipes/flint": {
    "criteria": {
      "has_item": "2025-01-14 04:33:28 +0000"
    },
    "done": true
  },
  "genshinstrument:recipes/vintage_lyre": {
    "criteria": {
      "has_main": "2025-01-14 04:50:03 +0000"
    },
    "done": true
  },
  "mca:recipes/misc/comb": {
    "criteria": {
      "has_item": "2025-01-14 04:41:42 +0000"
    },
    "done": true
  },
  "minecraft:recipes/woodcutting/oak/oak_stairs_from_oak_planks_woodcutting": {
    "criteria": {
      "give_recipe": "2025-01-14 04:30:07 +0000"
    },
    "done": true
  },
  "minecraft:recipes/woodcutting/dark_oak/barrel_from_dark_oak_planks_woodcutting": {
    "criteria": {
      "give_recipe": "2025-01-14 04:50:03 +0000"
    },
    "done": true
  },
  "the_bumblezone:the_bumblezone/wiki": {
    "criteria": {
      "instant_granted": "2025-01-14 04:27:01 +0000"
    },
    "done": true
  },
  "minecraft:recipes/woodcutting/oak/oak_planks_from_oak_log_woodcutting": {
    "criteria": {
      "give_recipe": "2025-01-14 04:29:01 +0000"
    },
    "done": true
  },
  "mca:recipes/misc/bouquet": {
    "criteria": {
      "has_item": "2025-01-14 04:36:00 +0000"
    },
    "done": true
  },
  "spelunkery:recipes/raw_gold": {
    "criteria": {
      "has_item": "2025-01-14 04:37:16 +0000"
    },
    "done": true
  },
  "minecraft:story/iron_tools": {
    "criteria": {
      "iron_pickaxe": "2025-01-14 04:42:20 +0000"
    },
    "done": true
  },
  "minecraft:story/root": {
    "criteria": {
      "crafting_table": "2025-01-14 04:30:13 +0000"
    },
    "done": true
  },
  "beautify:trellis": {
    "criteria": {
      "requirement": "2025-01-14 04:30:17 +0000"
    },
    "done": true
  },
  "minecraft:recipes/woodcutting/dark_oak/chest_from_dark_oak_planks_woodcutting": {
    "criteria": {
      "give_recipe": "2025-01-14 04:50:03 +0000"
    },
    "done": true
  },
  "mca:recipes/misc/whistle": {
    "criteria": {
      "has_item": "2025-01-14 04:41:42 +0000"
    },
    "done": true
  },
  "incendium:technical/using/shield": {
    "criteria": {
      "log_spam_fixer": "2025-01-14 04:27:02 +0000"
    },
    "done": false
  },
  "minecraft:story/form_obsidian": {
    "criteria": {
      "obsidian": "2025-01-14 04:33:30 +0000"
    },
    "done": true
  },
  "nameless_trinkets:obtain/root": {
    "criteria": {
      "obtain": "2025-01-14 05:07:58 +0000"
    },
    "done": true
  },
  "vanilla_refresh:player/hurt": {
    "criteria": {
      "requirement": "2025-01-14 05:18:24 +0000"
    },
    "done": true
  },
  "beautify:blinds": {
    "criteria": {
      "requirement": "2025-01-14 04:30:17 +0000"
    },
    "done": true
  },
  "spelunkery:recipes/coal": {
    "criteria": {
      "has_item": "2025-01-14 04:33:01 +0000"
    },
    "done": true
  },
  "spelunkery:recipes/gunpowder": {
    "criteria": {
      "has_item": "2025-01-14 04:51:48 +0000"
    },
    "done": true
  },
  "incendium:technical/using/trailblazer": {
    "criteria": {
      "log_spam_fixer": "2025-01-14 04:27:02 +0000"
    },
    "done": false
  },
  "evenmoreinstruments:recipes/saxophone": {
    "criteria": {
      "has_item": "2025-01-14 04:40:05 +0000"
    },
    "done": true
  },
  "minecraft:adventure/kill_a_mob": {
    "criteria": {
      "minecraft:spider": "2025-01-14 04:59:54 +0000"
    },
    "done": true
  },
  "immersive_paintings:misc/painting": {
    "criteria": {
      "has_item": "2025-01-14 05:08:04 +0000"
    },
    "done": true
  },
  "beautify:iron_blinds": {
    "criteria": {
      "requirement": "2025-01-14 04:41:42 +0000"
    },
    "done": true
  },
  "minecraft:recipes/woodcutting/dark_oak/crafting_table_from_dark_oak_planks_woodcutting": {
    "criteria": {
      "give_recipe": "2025-01-14 04:50:03 +0000"
    },
    "done": true
  },
  "takesapillage:root": {
    "criteria": {
      "always": "2025-01-14 04:27:01 +0000"
    },
    "done": true
  },
  "incendium:technical/scroll_of_returning": {
    "criteria": {
      "log_spam_fixer": "2025-01-14 04:27:02 +0000"
    },
    "done": false
  },
  "incendium:technical/multiplex_crossbow": {
    "criteria": {
      "log_spam_fixer": "2025-01-14 05:25:37 +0000"
    },
    "done": false
  },
  "genshinstrument:recipes/windsong_lyre": {
    "criteria": {
      "has_main": "2025-01-14 04:30:07 +0000"
    },
    "done": true
  },
  "byg:root": {
    "criteria": {
      "tick": "2025-01-14 04:27:01 +0000"
    },
    "done": true
  },
  "the_bumblezone:the_bumblezone/root": {
    "criteria": {
      "instant_granted": "2025-01-14 04:27:01 +0000"
    },
    "done": true
  },
  "byg:adventure/oh_the_biomes_youll_go": {
    "criteria": {
      "byg:coconino_meadow": "2025-01-14 04:27:02 +0000"
    },
    "done": false
  },
  "minecraft:story/mine_stone": {
    "criteria": {
      "get_stone": "2025-01-14 04:31:20 +0000"
    },
    "done": true
  },
  "friendsandfoes:misc/yellow_dye_from_buttercup": {
    "criteria": {
      "has_the_recipe": "2025-01-14 04:27:01 +0000"
    },
    "done": true
  },
  "incendium:technical/firestorm": {
    "criteria": {
      "log_spam_fixer": "2025-01-14 05:25:37 +0000"
    },
    "done": false
  },
  "beautify:lamps": {
    "criteria": {
      "requirement": "2025-01-14 04:40:05 +0000"
    },
    "done": true
  },
  "minecraft:adventure/adventuring_time": {
    "criteria": {
      "minecraft:beach": "2025-01-14 04:27:45 +0000",
      "minecraft:plains": "2025-01-14 04:33:25 +0000"
    },
    "done": false
  },
  "byg:husbandry/root": {
    "criteria": {
      "consumed_item": "2025-01-14 04:30:49 +0000"
    },
    "done": true
  },
  "minecraft:adventure/sleep_in_bed": {
    "criteria": {
      "slept_in_bed": "2025-01-14 05:07:15 +0000"
    },
    "done": true
  },
  "l2hostility:hostility/root": {
    "criteria": {
      "0": "2025-01-14 04:59:54 +0000"
    },
    "done": true
  },
  "incendium:technical/using/ragnarok": {
    "criteria": {
      "log_spam_fixer": "2025-01-14 04:27:02 +0000"
    },
    "done": false
  },
  "pizzacraft:root": {
    "criteria": {
      "tick": "2025-01-14 04:27:01 +0000"
    },
    "done": true
  },
  "minecraft:husbandry/root": {
    "criteria": {
      "consumed_item": "2025-01-14 04:30:49 +0000"
    },
    "done": true
  },
  "immersive_aircraft:misc/aircraftery": {
    "criteria": {
      "has_item": "2025-01-14 04:41:42 +0000"
    },
    "done": true
  },
  "paraglider:paraglider": {
    "criteria": {
      "paraglider": "2025-01-14 04:43:13 +0000"
    },
    "done": true
  },
  "incendium:technical/new_player": {
    "criteria": {
      "requirement": "2025-01-14 04:27:01 +0000"
    },
    "done": true
  },
  "incendium:technical/holy_wrath": {
    "criteria": {
      "log_spam_fixer": "2025-01-14 05:25:37 +0000"
    },
    "done": false
  },
  "incendium:technical/inventory/firestorm": {
    "criteria": {
      "log_spam_fixer": "2025-01-14 05:25:37 +0000"
    },
    "done": false
  },
  "spelunkery:recipes/stick": {
    "criteria": {
      "has_item": "2025-01-14 04:30:17 +0000"
    },
    "done": true
  },
  "minecraft:adventure/root": {
    "criteria": {
      "killed_something": "2025-01-14 04:33:09 +0000"
    },
    "done": true
  },
  "ironfurnaces:coal": {
    "criteria": {
      "rainbowcoal": "2025-01-14 04:27:01 +0000"
    },
    "done": true
  },
  "minecraft:recipes/woodcutting/oak/oak_pressure_plate_from_oak_planks_woodcutting": {
    "criteria": {
      "give_recipe": "2025-01-14 04:30:07 +0000"
    },
    "done": true
  },
  "minecraft:recipes/woodcutting/oak/chest_from_oak_planks_woodcutting": {
    "criteria": {
      "give_recipe": "2025-01-14 04:30:07 +0000"
    },
    "done": true
  },
  "incendium:technical/give_ghastling": {
    "criteria": {
      "log_spam_fixer": "2025-01-14 05:25:37 +0000"
    },
    "done": false
  },
  "spelunkery:recipes/raw_copper": {
    "criteria": {
      "has_item": "2025-01-14 04:37:23 +0000"
    },
    "done": true
  },
  "farmersdelight:main/root": {
    "criteria": {
      "seeds": "2025-01-14 04:27:01 +0000"
    },
    "done": true
  },
  "graveyard:graveyard/root": {
    "criteria": {
      "grave_01": "2025-01-14 05:23:23 +0000"
    },
    "done": true
  },
  "minecraft:recipes/woodcutting/oak/oak_door_from_oak_planks_woodcutting": {
    "criteria": {
      "give_recipe": "2025-01-14 04:30:07 +0000"
    },
    "done": true
  },
  "incendium:technical/on_kill": {
    "criteria": {
      "log_spam_fixer": "2025-01-14 05:25:37 +0000"
    },
    "done": false
  },
  "minecraft:recipes/woodcutting/oak/oak_fence_from_oak_planks_woodcutting": {
    "criteria": {
      "give_recipe": "2025-01-14 04:30:07 +0000"
    },
    "done": true
  },
  "incendium:technical/on_player_hurt": {
    "criteria": {
      "log_spam_fixer": "2025-01-14 05:25:37 +0000"
    },
    "done": false
  },
  "minecraft:adventure/kill_all_mobs": {
    "criteria": {
      "minecraft:skeleton": "2025-01-14 05:11:48 +0000",
      "minecraft:spider": "2025-01-14 04:59:54 +0000",
      "minecraft:zombie": "2025-01-14 05:10:30 +0000"
    },
    "done": false
  },
  "incendium:technical/sentrys_wrath": {
    "criteria": {
      "log_spam_fixer": "2025-01-14 05:25:37 +0000"
    },
    "done": false
  },
  "dungeons_arise:wda_root": {
    "criteria": {
      "WDA": "2025-01-14 04:27:01 +0000"
    },
    "done": true
  },
  "vanilla_refresh:biome/plains": {
    "criteria": {
      "requirement": "2025-01-14 04:33:42 +0000"
    },
    "done": true
  },
  "minecraft:recipes/woodcutting/dark_oak/dark_oak_chest_boat_from_dark_oak_planks_woodcutting": {
    "criteria": {
      "give_recipe": "2025-01-14 04:50:03 +0000"
    },
    "done": true
  },
  "minecraft:recipes/woodcutting/oak/barrel_from_oak_planks_woodcutting": {
    "criteria": {
      "give_recipe": "2025-01-14 04:30:07 +0000"
    },
    "done": true
  },
  "minecraft:recipes/woodcutting/oak/oak_chest_boat_from_oak_planks_woodcutting": {
    "criteria": {
      "give_recipe": "2025-01-14 04:30:07 +0000"
    },
    "done": true
  },
  "minecraft:recipes/woodcutting/dark_oak/dark_oak_fence_from_dark_oak_planks_woodcutting": {
    "criteria": {
      "give_recipe": "2025-01-14 04:50:03 +0000"
    },
    "done": true
  },
  "l2hostility:hostility/patchouli": {
    "criteria": {
      "0": "2025-01-14 04:59:54 +0000"
    },
    "done": true
  },
  "nameless_trinkets:obtain/blindfold": {
    "criteria": {
      "blindfold": "2025-01-14 05:07:58 +0000"
    },
    "done": true
  },
  "mca:root": {
    "criteria": {
      "village_plains": "2025-01-14 04:35:06 +0000"
    },
    "done": true
  },
  "create:root": {
    "criteria": {
      "0": "2025-01-14 04:27:01 +0000"
    },
    "done": true
  },
  "hookah_mod:hookah_mod_advancement": {
    "criteria": {
      "hookah_mod_advancement": "2025-01-14 04:27:01 +0000"
    },
    "done": true
  },
  "incendium:technical/feed_ghastling": {
    "criteria": {
      "log_spam_fixer": "2025-01-14 05:25:37 +0000"
    },
    "done": false
  },
  "minecraft:story/mine_diamond": {
    "criteria": {
      "diamond": "2025-01-14 05:06:40 +0000"
    },
    "done": true
  },
  "minecraft:recipes/woodcutting/dark_oak/dark_oak_trapdoor_from_dark_oak_planks_woodcutting": {
    "criteria": {
      "give_recipe": "2025-01-14 04:50:03 +0000"
    },
    "done": true
  },
  "minecraft:story/upgrade_tools": {
    "criteria": {
      "stone_pickaxe": "2025-01-14 04:32:11 +0000"
    },
    "done": true
  },
  "minecraft:recipes/woodcutting/dark_oak/dark_oak_door_from_dark_oak_planks_woodcutting": {
    "criteria": {
      "give_recipe": "2025-01-14 04:50:03 +0000"
    },
    "done": true
  },
  "croptopia:getseeds": {
    "criteria": {
      "has_seeds": "2025-01-14 05:14:24 +0000"
    },
    "done": true
  },
  "mca:recipes/misc/blueprint": {
    "criteria": {
      "has_item": "2025-01-14 05:08:04 +0000"
    },
    "done": true
  },
  "cosmeticarmoursmod:cosmetic_armours_achievement": {
    "criteria": {
      "cosmetic_armours_achievement": "2025-01-14 04:27:01 +0000"
    },
    "done": true
  },
  "paraglider:root": {
    "criteria": {
      "crafting_table": "2025-01-14 04:30:13 +0000"
    },
    "done": true
  },
  "minecraft:story/smelt_iron": {
    "criteria": {
      "iron": "2025-01-14 04:41:42 +0000"
    },
    "done": true
  },
  "spelunkery:recipes/diamond": {
    "criteria": {
      "has_item": "2025-01-14 05:06:40 +0000"
    },
    "done": true
  },
  "minecraft:recipes/woodcutting/dark_oak/dark_oak_pressure_plate_from_dark_oak_planks_woodcutting": {
    "criteria": {
      "give_recipe": "2025-01-14 04:50:03 +0000"
    },
    "done": true
  },
  "minecraft:recipes/woodcutting/oak/oak_button_from_oak_planks_woodcutting": {
    "criteria": {
      "give_recipe": "2025-01-14 04:30:07 +0000"
    },
    "done": true
  },
  "minecraft:recipes/woodcutting/dark_oak/dark_oak_stairs_from_dark_oak_planks_woodcutting": {
    "criteria": {
      "give_recipe": "2025-01-14 04:50:03 +0000"
    },
    "done": true
  },
  "mca:recipes/misc/rose_gold_dust": {
    "criteria": {
      "has_item": "2025-01-14 04:37:16 +0000"
    },
    "done": true
  },
  "incendium:technical/on_inventory_change": {
    "criteria": {
      "log_spam_fixer": "2025-01-14 05:25:37 +0000"
    },
    "done": false
  },
  "beautify:progression/root": {
    "criteria": {
      "Install": "2025-01-14 04:27:01 +0000"
    },
    "done": true
  },
  "DataVersion": 3120
}