{"stats":{"minecraft:picked_up":{"minecraft:crafting_table":4,"byg:soapstone":12,"byg:lush_dirt":19,"minecraft:chicken":4,"croptopia:peach":5,"minecraft:wooden_pickaxe":2,"minecraft:gold_block":2,"minecraft:golden_shovel":2,"minecraft:raw_copper":83,"minecraft:cobbled_deepslate":9,"minecraft:beef":2,"minecraft:wooden_shovel":2,"minecraft:iron_pickaxe":2,"minecraft:light_gray_wool":1,"minecraft:furnace":2,"minecraft:raw_iron":81,"ecologics:coconut_slice":2,"spelunkery:rough_cinnabar_shard":6,"minecraft:copper_ingot":2,"minecraft:torch":15,"spelunkery:raw_magnetite_nugget":6,"luckytntmod:deepslate_uranium_ore":4,"supplementaries:ash":6,"minecraft:mutton":4,"minecraft:white_wool":2,"minecraft:cobblestone":139,"minecraft:cooked_beef":2,"minecraft:leather":1,"spelunkery:rough_cinnabar":4,"minecraft:tuff":3,"create:raw_zinc":1,"minecraft:oak_log":15,"minecraft:yellow_bed":1,"minecraft:gunpowder":26,"minecraft:dirt":4,"minecraft:bone":8,"pizzacraft:cucumber_seeds":1,"minecraft:apple":3,"minecraft:wheat_seeds":1,"minecraft:raw_gold":4,"galosphere:raw_silver":8,"minecraft:oak_planks":1,"spelunkery:rough_diamond_shard":3,"minecraft:slime_ball":10,"spelunkery:rough_diamond":3,"croptopia:orange":43,"spelunkery:raw_iron_nugget":63,"minecraft:bread":17,"minecraft:emerald":3,"minecraft:oak_sapling":2,"argentinas_delight:cuernodetoro":2,"minecraft:coal":116,"gobber2:gobber2_goo":2,"minecraft:sunflower":2},"minecraft:mined":{"create:zinc_ore":1,"spelunkery:nephrite":1,"byg:clover_patch":1,"minecraft:tuff":4,"minecraft:deepslate_diamond_ore":3,"luckytntmod:deepslate_uranium_ore":4,"minecraft:furnace":2,"minecraft:iron_ore":56,"minecraft:gold_block":2,"minecraft:deepslate_iron_ore":31,"byg:white_anemone":1,"minecraft:stone":122,"minecraft:deepslate_redstone_ore":2,"twigs:pebble":1,"minecraft:stone_brick_slab":2,"galosphere:deepslate_silver_ore":1,"minecraft:crafting_table":3,"galosphere:silver_ore":7,"minecraft:copper_ore":17,"minecraft:tall_grass":8,"minecraft:deepslate_gold_ore":3,"minecraft:oak_planks":1,"minecraft:wall_torch":3,"byg:lush_grass_block":7,"supplementaries:urn":4,"byg:soapstone":12,"cavesanddepths:slate":3,"byg:lush_dirt":16,"minecraft:yellow_bed":1,"minecraft:grass":9,"minecraft:coal_ore":73,"minecraft:oak_log":15,"minecraft:sunflower":3,"minecraft:dirt":2,"minecraft:gold_ore":1,"minecraft:oak_leaves":23,"minecraft:deepslate":17,"luckytntmod:gunpowder_ore":5},"minecraft:custom":{"minecraft:mob_kills":20,"minecraft:interact_with_crafting_table":28,"minecraft:leave_game":3,"minecraft:time_since_death":30895,"minecraft:sprint_one_cm":107405,"minecraft:walk_one_cm":194100,"minecraft:drop":44,"minecraft:talked_to_villager":6,"minecraft:play_time":100264,"minecraft:deaths":1,"minecraft:sneak_time":7136,"minecraft:walk_under_water_one_cm":1468,"minecraft:jump":660,"minecraft:walk_on_water_one_cm":3175,"minecraft:total_world_time":100264,"minecraft:interact_with_furnace":45,"minecraft:sleep_in_bed":1,"minecraft:time_since_rest":549,"minecraft:waystone_activated":1,"minecraft:damage_taken":1004,"minecraft:damage_dealt":1420,"minecraft:swim_one_cm":8499,"minecraft:fly_one_cm":70373,"minecraft:open_chest":5,"minecraft:crouch_one_cm":14890,"minecraft:fall_one_cm":12993},"minecraft:killed_by":{"minecraft:slime":1},"minecraft:killed":{"minecraft:spider":1,"minecraft:slime":9,"minecraft:chicken":4,"minecraft:sheep":3,"minecraft:zombie":1,"minecraft:cow":1},"minecraft:broken":{"minecraft:stone_pickaxe":1},"minecraft:used":{"gobber2:gobber2_goo":2,"minecraft:iron_sword":45,"minecraft:wooden_shovel":4,"minecraft:torch":5,"spelunkery:portal_fluid_bottle":1,"cyclic:emerald_pickaxe":5,"byg:lush_dirt":9,"croptopia:peach":5,"minecraft:furnace":4,"minecraft:cooked_beef":2,"minecraft:water_bucket":2,"minecraft:oak_planks":1,"minecraft:stone_pickaxe":132,"minecraft:wooden_pickaxe":27,"minecraft:crafting_table":3,"croptopia:orange":23,"minecraft:apple":3,"minecraft:iron_pickaxe":241,"minecraft:stone_axe":16,"ecologics:coconut_slice":2,"minecraft:cobblestone":78,"minecraft:bucket":3},"minecraft:crafted":{"cell:copper_armor_leggings":1,"securitycraft:mine":3,"minecraft:oak_planks":60,"minecraft:furnace":2,"cyclic:crafting_stick":1,"cyclic:emerald_pickaxe":1,"minecraft:stone_pickaxe":1,"cell:copper_armor_boots":1,"minecraft:crafting_table":1,"minecraft:wooden_pickaxe":1,"minecraft:iron_sword":1,"minecraft:copper_ingot":43,"minecraft:bucket":2,"securitycraft:cobblestone_mine":1,"minecraft:stone_axe":1,"minecraft:air":0,"securitycraft:dirt_mine":2,"minecraft:shield":2,"minecraft:stick":20,"minecraft:iron_ingot":28,"minecraft:iron_pickaxe":2,"minecraft:torch":4,"cell:copper_armor_chestplate":2},"minecraft:dropped":{"minecraft:wheat_seeds":1,"minecraft:glass_bottle":1,"minecraft:cobblestone":23,"croptopia:orange":20,"pizzacraft:cucumber_seeds":1,"minecraft:copper_ingot":1,"securitycraft:cobblestone_mine":1,"byg:lush_dirt":10,"minecraft:dirt":2,"cell:copper_armor_boots":1,"galosphere:raw_silver":8,"byg:soapstone":11,"minecraft:sunflower":2,"minecraft:iron_pickaxe":4,"minecraft:bucket":1,"create:raw_zinc":1,"securitycraft:dirt_mine":2,"alexsmobs:animal_dictionary":1,"minecraft:cobbled_deepslate":9,"minecraft:raw_copper":23,"minecraft:tuff":3,"minecraft:light_gray_wool":1,"minecraft:golden_shovel":1,"patchouli:guide_book":3,"argentinas_delight:cuernodetoro":1,"supplementaries:ash":6,"minecraft:shield":1,"cell:copper_armor_leggings":1,"ecologics:coconut_husk":2,"minecraft:oak_sapling":2,"minecraft:wooden_shovel":2,"cell:copper_armor_chestplate":1,"minecraft:wooden_pickaxe":2}},"DataVersion":3120}