{"stats":{"minecraft:picked_up":{"minecraft:crafting_table":3,"byg:soapstone":4,"byg:lush_dirt":30,"simplehats:hatbag_rare":1,"simplehats:simsgem":1,"minecraft:oak_log":15,"minecraft:shield":1,"minecraft:raw_copper":60,"minecraft:wheat_seeds":6,"minecraft:bucket":1,"cell:copper_armor_leggings":1,"cell:copper_armor_boots":1,"minecraft:iron_pickaxe":1,"galosphere:raw_silver":3,"twigs:twig":4,"minecraft:egg":1,"minecraft:furnace":1,"pizzacraft:pineapple_seeds":1,"minecraft:raw_iron":3,"ecologics:coconut_slice":8,"pizzacraft:tomato_seeds":1,"minecraft:dark_oak_log":7,"hexerei:sage_seed":5,"pizzacraft:onion":1,"minecraft:rotten_flesh":4,"minecraft:hay_block":18,"ecologics:coconut_log":37,"cavesanddepths:cobbled_slate":1,"supplementaries:ash":1,"argentinas_delight:cuernodetoro":1,"minecraft:oak_sapling":6,"minecraft:mutton":5,"minecraft:coal":11,"minecraft:white_wool":3,"minecraft:cobblestone":146,"minecraft:sunflower":1},"minecraft:mined":{"byg:clover_patch":1,"minecraft:dark_oak_log":7,"minecraft:powder_snow":6,"minecraft:crafting_table":4,"byg:flower_patch":1,"galosphere:silver_ore":2,"minecraft:copper_ore":17,"minecraft:tall_grass":6,"ecologics:coconut_log":37,"byg:lush_grass_block":6,"minecraft:hay_block":18,"byg:soapstone":4,"cavesanddepths:slate":2,"byg:lush_dirt":23,"minecraft:furnace":1,"minecraft:iron_ore":3,"minecraft:grass":13,"minecraft:coal_ore":11,"minecraft:oak_log":15,"minecraft:stone":145,"minecraft:oak_leaves":5},"minecraft:custom":{"minecraft:interact_with_furnace":15,"minecraft:mob_kills":5,"minecraft:interact_with_crafting_table":34,"minecraft:leave_game":11,"minecraft:time_since_death":14845,"minecraft:sleep_in_bed":4,"minecraft:time_since_rest":549,"minecraft:waystone_activated":1,"minecraft:damage_absorbed":40,"minecraft:sprint_one_cm":138075,"minecraft:damage_taken":2401,"minecraft:walk_one_cm":139471,"minecraft:drop":38,"minecraft:damage_dealt":713,"minecraft:swim_one_cm":6107,"minecraft:fly_one_cm":269299,"minecraft:open_chest":9,"minecraft:crouch_one_cm":10977,"minecraft:play_time":93356,"minecraft:deaths":6,"minecraft:sneak_time":4017,"minecraft:walk_under_water_one_cm":943,"minecraft:jump":1245,"minecraft:walk_on_water_one_cm":10799,"minecraft:total_world_time":93356,"minecraft:fall_one_cm":30298},"minecraft:killed":{"minecraft:sheep":3,"mca:male_villager":1},"minecraft:killed_by":{"minecraft:player":1,"minecraft:skeleton":1,"born_in_chaos_v1:skeleton_demoman":1},"minecraft:used":{"minecraft:cooked_mutton":2,"minecraft:stone_pickaxe":66,"minecraft:wooden_pickaxe":86,"minecraft:iron_sword":5,"minecraft:wooden_shovel":2,"minecraft:golden_apple":1,"minecraft:crafting_table":8,"minecraft:white_bed":1,"minecraft:golden_shovel":2,"byg:lush_dirt":30,"minecraft:dark_oak_planks":5,"minecraft:sunflower":1,"minecraft:bread":12,"minecraft:iron_pickaxe":43,"byg:soapstone":4,"minecraft:stone_axe":43,"ecologics:coconut_slice":3,"minecraft:cobblestone":54,"ecologics:coconut_log":6,"minecraft:furnace":2,"minecraft:oak_sapling":5,"cell:copper_armor_chestplate":1},"minecraft:crafted":{"minecraft:oak_planks":20,"minecraft:wooden_shovel":2,"minecraft:crafting_table":7,"ecologics:coconut_planks":88,"minecraft:wooden_pickaxe":3,"minecraft:iron_sword":1,"minecraft:furnace":1,"minecraft:copper_ingot":9,"minecraft:stone_axe":2,"minecraft:cooked_mutton":2,"minecraft:bread":54,"minecraft:air":0,"minecraft:shield":1,"minecraft:stick":52,"minecraft:stone_pickaxe":3,"minecraft:white_bed":1,"minecraft:dark_oak_planks":28,"cell:copper_armor_chestplate":1,"minecraft:wheat":162},"minecraft:dropped":{"minecraft:bread":17,"ecologics:coconut_planks":22,"minecraft:wheat_seeds":6,"minecraft:crafting_table":1,"minecraft:raw_iron":3,"ecologics:coconut_log":9,"minecraft:cobblestone":28,"minecraft:rotten_flesh":4,"minecraft:oak_planks":10,"minecraft:stick":4,"argentinas_delight:cuernodetoro":1,"supplementaries:ash":1,"cell:copper_armor_boots":1,"minecraft:shield":1,"galosphere:raw_silver":3,"cavesanddepths:cobbled_slate":1,"cell:copper_armor_leggings":1,"ecologics:coconut_husk":2,"minecraft:oak_sapling":1,"minecraft:wooden_shovel":2,"pizzacraft:pineapple_seeds":1,"minecraft:wooden_pickaxe":3,"minecraft:stone_pickaxe":1,"minecraft:iron_pickaxe":1,"simplehats:simsgem":1,"minecraft:dark_oak_planks":5,"minecraft:bucket":1,"pizzacraft:tomato_seeds":1}},"DataVersion":3120}