{"stats":{"minecraft:picked_up":{"minecraft:crafting_table":4,"minecraft:allium":2,"byg:soapstone":20,"byg:lush_dirt":9,"minecraft:clay_ball":5,"minecraft:wooden_pickaxe":1,"minecraft:string":1,"minecraft:raw_copper":23,"l2artifacts:random_1":1,"twigs:pebble":1,"cell:copper_armor_leggings":1,"minecraft:beef":12,"cell:copper_armor_boots":1,"minecraft:wooden_shovel":2,"minecraft:poppy":1,"minecraft:iron_pickaxe":1,"minecraft:raw_iron":28,"minecraft:stick":7,"croptopia:corn_seed":2,"simplehats:hatbag_common":1,"minecraft:copper_ingot":1,"pizzacraft:tomato_seeds":1,"minecraft:cookie":5,"minecraft:dark_oak_planks":8,"gobber2:gobber2_foo":1,"hexerei:sage_seed":6,"minecraft:stone_sword":1,"minecraft:arrow":1,"cell:copper_armor_chestplate":1,"cavesanddepths:cobbled_slate":1,"supplementaries:ash":5,"minecraft:mutton":2,"minecraft:white_wool":1,"minecraft:cobblestone":154,"minecraft:oxeye_daisy":1,"pizzacraft:pepper_seeds":2,"minecraft:leather":4,"ecologics:coconut_planks":22,"gobber2:gobber2_gooey_beefstew":2,"simplehats:simsgem":1,"create:raw_zinc":1,"minecraft:oak_log":21,"byg:white_anemone":1,"cavesanddepths:lichenfungusplaceable":1,"minecraft:gunpowder":52,"pizzacraft:broccoli_seeds":2,"pizzacraft:cucumber_seeds":1,"minecraft:bone":2,"chococraft:gysahl_green":20,"minecraft:apple":8,"gobber2:gobber2_gooey_beef":2,"minecraft:wheat_seeds":15,"byg:blueberries":7,"minecraft:raw_gold":5,"galosphere:raw_silver":9,"minecraft:oak_planks":6,"gobber2:gobber2_gooey_bread":5,"hexerei:animal_fat":4,"minecraft:dandelion":4,"ecologics:coconut_husk":2,"chococraft:gysahl_green_seeds":6,"minecraft:white_bed":1,"pizzacraft:onion":1,"argentinas_delight:cuernodetoro":2,"minecraft:coal":27,"gobber2:gobber2_goo":5},"minecraft:mined":{"minecraft:dark_oak_planks":3,"minecraft:white_bed":1,"gobber2:gobber2_lucky_block":15,"minecraft:oxeye_daisy":1,"minecraft:iron_ore":25,"croptopia:corn_crop":1,"chococraft:gysahl_green":6,"cavesanddepths:lichenfungus":1,"croptopia:apple_crop":8,"minecraft:stone":141,"twigs:pebble":2,"minecraft:dandelion":4,"minecraft:crafting_table":3,"minecraft:poppy":1,"spelunkers_charm:dead_grass":17,"minecraft:tall_grass":38,"minecraft:cobblestone":5,"minecraft:oak_planks":6,"byg:lush_grass_block":5,"supplementaries:urn":2,"byg:soapstone":20,"spelunkers_charm:rock_pile_3":1,"byg:lush_dirt":5,"minecraft:grass":114,"minecraft:coal_ore":25,"minecraft:oak_log":21,"byg:blueberry_bush":3,"minecraft:oak_leaves":18,"luckytntmod:gunpowder_ore":11},"minecraft:custom":{"minecraft:mob_kills":11,"minecraft:interact_with_crafting_table":28,"minecraft:open_barrel":2,"minecraft:leave_game":2,"minecraft:time_since_death":37925,"minecraft:climb_one_cm":747,"minecraft:sprint_one_cm":197504,"minecraft:walk_one_cm":146204,"minecraft:drop":27,"minecraft:talked_to_villager":1,"minecraft:play_time":69358,"minecraft:deaths":1,"minecraft:sneak_time":1794,"minecraft:jump":1054,"minecraft:total_world_time":69358,"minecraft:interact_with_furnace":38,"minecraft:sleep_in_bed":1,"minecraft:time_since_rest":22947,"minecraft:waystone_activated":1,"minecraft:damage_taken":1375,"minecraft:damage_dealt":1898,"minecraft:fly_one_cm":254082,"minecraft:player_kills":1,"minecraft:open_chest":44,"minecraft:crouch_one_cm":3421,"minecraft:fall_one_cm":18609},"minecraft:killed_by":{"minecraft:creeper":1},"minecraft:killed":{"minecraft:spider":1,"minecraft:skeleton":1,"takesapillage:clay_golem":1,"minecraft:sheep":1,"minecraft:zombie":1,"minecraft:cow":6},"minecraft:broken":{"minecraft:wooden_pickaxe":1},"minecraft:used":{"minecraft:stone_sword":208,"gobber2:gobber2_goo":2,"minecraft:stone_shovel":7,"gobber2:gobber2_gooey_bread":5,"minecraft:wooden_shovel":3,"minecraft:obsidian":2,"byg:lush_dirt":4,"minecraft:iron_axe":13,"minecraft:furnace":2,"minecraft:cooked_beef":5,"minecraft:stone_pickaxe":76,"minecraft:oak_planks":6,"minecraft:wooden_pickaxe":82,"l2artifacts:random_1":1,"minecraft:crafting_table":7,"minecraft:white_bed":1,"cell:copper_armor_helmet":1,"byg:blueberries":5,"gobber2:gobber2_gooey_beefstew":2,"minecraft:oak_button":1,"minecraft:iron_pickaxe":97,"byg:soapstone":5,"minecraft:stone_axe":16,"minecraft:cobblestone":76,"quark:oak_chest":3,"twigs:pebble":1},"minecraft:crafted":{"minecraft:oak_planks":92,"cell:copper_armor_leggings":1,"minecraft:stone_shovel":1,"minecraft:furnace":2,"minecraft:iron_axe":1,"minecraft:stone_pickaxe":3,"minecraft:oak_button":1,"cell:copper_armor_helmet":1,"minecraft:cooked_beef":12,"paraglider:paraglider":1,"minecraft:wooden_shovel":1,"cell:copper_armor_boots":1,"minecraft:crafting_table":3,"minecraft:wooden_pickaxe":2,"minecraft:copper_ingot":15,"minecraft:stone_axe":1,"minecraft:air":0,"minecraft:shield":1,"minecraft:stick":36,"quark:oak_chest":3,"minecraft:iron_pickaxe":1,"minecraft:iron_ingot":19,"minecraft:stone_sword":2},"minecraft:dropped":{"minecraft:wheat_seeds":3,"minecraft:cooked_beef":2,"galosphere:raw_silver":9,"gobber2:gobber2_goo":2,"simplehats:simsgem":1,"minecraft:stone_axe":1,"hexerei:animal_fat":4,"hexerei:sage_seed":1,"gobber2:gobber2_gooey_beef":1,"minecraft:clay_ball":5,"minecraft:golden_shovel":1,"cavesanddepths:lichenfungusplaceable":1,"minecraft:gunpowder":12,"minecraft:allium":2,"minecraft:wooden_shovel":2,"pizzacraft:broccoli_seeds":1,"minecraft:stone_pickaxe":1,"minecraft:wooden_pickaxe":2}},"DataVersion":3120}