{"stats":{"minecraft:picked_up":{"ecologics:coconut_log":2},"minecraft:mined":{"ecologics:coconut_log":2},"minecraft:custom":{"minecraft:jump":5,"minecraft:time_since_rest":3975,"minecraft:sprint_one_cm":108,"minecraft:leave_game":1,"minecraft:play_time":3975,"minecraft:time_since_death":3975,"minecraft:walk_one_cm":1160,"minecraft:sneak_time":28,"minecraft:total_world_time":3975,"minecraft:fall_one_cm":476,"minecraft:fly_one_cm":782},"minecraft:crafted":{"ecologics:coconut_planks":8}},"DataVersion":3120}